model,train_dataset,test_dataset,error_type,rank,token,count
mbert,cm_splits_codemixed,cm_splits_codemixed,false_negative,1,can,7
mbert,cm_splits_codemixed,cm_splits_codemixed,false_negative,2,में,7
mbert,cm_splits_codemixed,cm_splits_codemixed,false_negative,3,like,6
mbert,cm_splits_codemixed,cm_splits_codemixed,false_negative,4,talaq,6
mbert,cm_splits_codemixed,cm_splits_codemixed,false_negative,5,man,5
mbert,cm_splits_codemixed,cm_splits_codemixed,false_negative,6,uapa,5
mbert,cm_splits_codemixed,cm_splits_codemixed,false_negative,7,gandhi,4
mbert,cm_splits_codemixed,cm_splits_codemixed,false_negative,8,what,4
mbert,cm_splits_codemixed,cm_splits_codemixed,false_negative,9,nehru,4
mbert,cm_splits_codemixed,cm_splits_codemixed,false_negative,10,सुप्रीम,4
mbert,cm_splits_codemixed,cm_splits_codemixed,false_negative,11,bill,4
mbert,cm_splits_codemixed,cm_splits_codemixed,false_negative,12,right,4
mbert,cm_splits_codemixed,cm_splits_codemixed,false_negative,13,ipl,4
mbert,cm_splits_codemixed,cm_splits_codemixed,false_negative,14,back,4
mbert,cm_splits_codemixed,cm_splits_codemixed,false_negative,15,india,3
mbert,cm_splits_codemixed,cm_splits_codemixed,false_negative,16,about,3
mbert,cm_splits_codemixed,cm_splits_codemixed,false_negative,17,which,3
mbert,cm_splits_codemixed,cm_splits_codemixed,false_negative,18,maritalrape,3
mbert,cm_splits_codemixed,cm_splits_codemixed,false_negative,19,every,3
mbert,cm_splits_codemixed,cm_splits_codemixed,false_negative,20,hijab,3
mbert,cm_splits_codemixed,cm_splits_codemixed,false_positive,1,nahi,8
mbert,cm_splits_codemixed,cm_splits_codemixed,false_positive,2,bhi,8
mbert,cm_splits_codemixed,cm_splits_codemixed,false_positive,3,india,6
mbert,cm_splits_codemixed,cm_splits_codemixed,false_positive,4,patel,6
mbert,cm_splits_codemixed,cm_splits_codemixed,false_positive,5,मुसलमानों,6
mbert,cm_splits_codemixed,cm_splits_codemixed,false_positive,6,too,5
mbert,cm_splits_codemixed,cm_splits_codemixed,false_positive,7,gandhi,5
mbert,cm_splits_codemixed,cm_splits_codemixed,false_positive,8,diya,5
mbert,cm_splits_codemixed,cm_splits_codemixed,false_positive,9,women,5
mbert,cm_splits_codemixed,cm_splits_codemixed,false_positive,10,sardar,5
mbert,cm_splits_codemixed,cm_splits_codemixed,false_positive,11,congress,5
mbert,cm_splits_codemixed,cm_splits_codemixed,false_positive,12,लिए,5
mbert,cm_splits_codemixed,cm_splits_codemixed,false_positive,13,demonetisation,4
mbert,cm_splits_codemixed,cm_splits_codemixed,false_positive,14,bhagat,4
mbert,cm_splits_codemixed,cm_splits_codemixed,false_positive,15,singh,4
mbert,cm_splits_codemixed,cm_splits_codemixed,false_positive,16,किसी,4
mbert,cm_splits_codemixed,cm_splits_codemixed,false_positive,17,nhi,4
mbert,cm_splits_codemixed,cm_splits_codemixed,false_positive,18,time,4
mbert,cm_splits_codemixed,cm_splits_codemixed,false_positive,19,modi,4
mbert,cm_splits_codemixed,cm_splits_codemixed,false_positive,20,sab,4
mbert,cm_splits_codemixed,kaggle_hinglish_hate,false_negative,1,hate,67
mbert,cm_splits_codemixed,kaggle_hinglish_hate,false_negative,2,rape,54
mbert,cm_splits_codemixed,kaggle_hinglish_hate,false_negative,3,bhi,31
mbert,cm_splits_codemixed,kaggle_hinglish_hate,false_negative,4,nahi,15
mbert,cm_splits_codemixed,kaggle_hinglish_hate,false_negative,5,karte,12
mbert,cm_splits_codemixed,kaggle_hinglish_hate,false_negative,6,nafrat,12
mbert,cm_splits_codemixed,kaggle_hinglish_hate,false_negative,7,nhi,10
mbert,cm_splits_codemixed,kaggle_hinglish_hate,false_negative,8,main,10
mbert,cm_splits_codemixed,kaggle_hinglish_hate,false_negative,9,kisi,10
mbert,cm_splits_codemixed,kaggle_hinglish_hate,false_negative,10,baat,9
mbert,cm_splits_codemixed,kaggle_hinglish_hate,false_negative,11,kiya,9
mbert,cm_splits_codemixed,kaggle_hinglish_hate,false_negative,12,log,8
mbert,cm_splits_codemixed,kaggle_hinglish_hate,false_negative,13,desh,8
mbert,cm_splits_codemixed,kaggle_hinglish_hate,false_negative,14,tum,7
mbert,cm_splits_codemixed,kaggle_hinglish_hate,false_negative,15,jab,7
mbert,cm_splits_codemixed,kaggle_hinglish_hate,false_negative,16,aap,7
mbert,cm_splits_codemixed,kaggle_hinglish_hate,false_negative,17,diya,7
mbert,cm_splits_codemixed,kaggle_hinglish_hate,false_negative,18,raha,7
mbert,cm_splits_codemixed,kaggle_hinglish_hate,false_negative,19,toh,7
mbert,cm_splits_codemixed,kaggle_hinglish_hate,false_negative,20,hoga,7
mbert,cm_splits_codemixed,kaggle_hinglish_hate,false_positive,1,rape,123
mbert,cm_splits_codemixed,kaggle_hinglish_hate,false_positive,2,terrorism,66
mbert,cm_splits_codemixed,kaggle_hinglish_hate,false_positive,3,nahi,59
mbert,cm_splits_codemixed,kaggle_hinglish_hate,false_positive,4,hate,55
mbert,cm_splits_codemixed,kaggle_hinglish_hate,false_positive,5,bhi,52
mbert,cm_splits_codemixed,kaggle_hinglish_hate,false_positive,6,raha,27
mbert,cm_splits_codemixed,kaggle_hinglish_hate,false_positive,7,liye,27
mbert,cm_splits_codemixed,kaggle_hinglish_hate,false_positive,8,koi,26
mbert,cm_splits_codemixed,kaggle_hinglish_hate,false_positive,9,log,25
mbert,cm_splits_codemixed,kaggle_hinglish_hate,false_positive,10,tum,24
mbert,cm_splits_codemixed,kaggle_hinglish_hate,false_positive,11,pakistan,22
mbert,cm_splits_codemixed,kaggle_hinglish_hate,false_positive,12,sab,21
mbert,cm_splits_codemixed,kaggle_hinglish_hate,false_positive,13,aap,20
mbert,cm_splits_codemixed,kaggle_hinglish_hate,false_positive,14,nhi,19
mbert,cm_splits_codemixed,kaggle_hinglish_hate,false_positive,15,bhai,19
mbert,cm_splits_codemixed,kaggle_hinglish_hate,false_positive,16,toh,18
mbert,cm_splits_codemixed,kaggle_hinglish_hate,false_positive,17,main,18
mbert,cm_splits_codemixed,kaggle_hinglish_hate,false_positive,18,rahe,17
mbert,cm_splits_codemixed,kaggle_hinglish_hate,false_positive,19,modi,17
mbert,cm_splits_codemixed,kaggle_hinglish_hate,false_positive,20,hota,17
mbert,cm_splits_codemixed,thar_religion,false_negative,1,में,151
mbert,cm_splits_codemixed,thar_religion,false_negative,2,नहीं,106
mbert,cm_splits_codemixed,thar_religion,false_negative,3,हैं,97
mbert,cm_splits_codemixed,thar_religion,false_negative,4,धर्म,77
mbert,cm_splits_codemixed,thar_religion,false_negative,5,hindu,74
mbert,cm_splits_codemixed,thar_religion,false_negative,6,नही,69
mbert,cm_splits_codemixed,thar_religion,false_negative,7,nahi,53
mbert,cm_splits_codemixed,thar_religion,false_negative,8,bhi,52
mbert,cm_splits_codemixed,thar_religion,false_negative,9,लिए,51
mbert,cm_splits_codemixed,thar_religion,false_negative,10,pakistan,48
mbert,cm_splits_codemixed,thar_religion,false_negative,11,इस्लाम,45
mbert,cm_splits_codemixed,thar_religion,false_negative,12,कोई,40
mbert,cm_splits_codemixed,thar_religion,false_negative,13,nhi,37
mbert,cm_splits_codemixed,thar_religion,false_negative,14,भारत,36
mbert,cm_splits_codemixed,thar_religion,false_negative,15,बात,35
mbert,cm_splits_codemixed,thar_religion,false_negative,16,मौलाना,34
mbert,cm_splits_codemixed,thar_religion,false_negative,17,है।,34
mbert,cm_splits_codemixed,thar_religion,false_negative,18,क्या,33
mbert,cm_splits_codemixed,thar_religion,false_negative,19,हिन्दू,30
mbert,cm_splits_codemixed,thar_religion,false_negative,20,allah,29
mbert,cm_splits_codemixed,thar_religion,false_positive,1,nahi,146
mbert,cm_splits_codemixed,thar_religion,false_positive,2,bhi,117
mbert,cm_splits_codemixed,thar_religion,false_positive,3,hindu,90
mbert,cm_splits_codemixed,thar_religion,false_positive,4,aap,86
mbert,cm_splits_codemixed,thar_religion,false_positive,5,log,75
mbert,cm_splits_codemixed,thar_religion,false_positive,6,koi,69
mbert,cm_splits_codemixed,thar_religion,false_positive,7,nhi,67
mbert,cm_splits_codemixed,thar_religion,false_positive,8,apne,66
mbert,cm_splits_codemixed,thar_religion,false_positive,9,sab,65
mbert,cm_splits_codemixed,thar_religion,false_positive,10,dharm,65
mbert,cm_splits_codemixed,thar_religion,false_positive,11,muslim,63
mbert,cm_splits_codemixed,thar_religion,false_positive,12,yeshu,49
mbert,cm_splits_codemixed,thar_religion,false_positive,13,par,45
mbert,cm_splits_codemixed,thar_religion,false_positive,14,bhai,42
mbert,cm_splits_codemixed,thar_religion,false_positive,15,liye,42
mbert,cm_splits_codemixed,thar_religion,false_positive,16,islam,40
mbert,cm_splits_codemixed,thar_religion,false_positive,17,tum,37
mbert,cm_splits_codemixed,thar_religion,false_positive,18,dharam,36
mbert,cm_splits_codemixed,thar_religion,false_positive,19,jesus,33
mbert,cm_splits_codemixed,thar_religion,false_positive,20,rahe,32
mbert,kaggle_hinglish_hate,cm_splits_codemixed,false_negative,1,can,14
mbert,kaggle_hinglish_hate,cm_splits_codemixed,false_negative,2,golwalkar,13
mbert,kaggle_hinglish_hate,cm_splits_codemixed,false_negative,3,hijab,12
mbert,kaggle_hinglish_hate,cm_splits_codemixed,false_negative,4,nhi,12
mbert,kaggle_hinglish_hate,cm_splits_codemixed,false_negative,5,gandhi,11
mbert,kaggle_hinglish_hate,cm_splits_codemixed,false_negative,6,his,10
mbert,kaggle_hinglish_hate,cm_splits_codemixed,false_negative,7,nehru,10
mbert,kaggle_hinglish_hate,cm_splits_codemixed,false_negative,8,muslim,10
mbert,kaggle_hinglish_hate,cm_splits_codemixed,false_negative,9,like,10
mbert,kaggle_hinglish_hate,cm_splits_codemixed,false_negative,10,hindu,10
mbert,kaggle_hinglish_hate,cm_splits_codemixed,false_negative,11,ghar,10
mbert,kaggle_hinglish_hate,cm_splits_codemixed,false_negative,12,wapasi,10
mbert,kaggle_hinglish_hate,cm_splits_codemixed,false_negative,13,india,9
mbert,kaggle_hinglish_hate,cm_splits_codemixed,false_negative,14,love,9
mbert,kaggle_hinglish_hate,cm_splits_codemixed,false_negative,15,jihad,9
mbert,kaggle_hinglish_hate,cm_splits_codemixed,false_negative,16,who,9
mbert,kaggle_hinglish_hate,cm_splits_codemixed,false_negative,17,amp,8
mbert,kaggle_hinglish_hate,cm_splits_codemixed,false_negative,18,about,8
mbert,kaggle_hinglish_hate,cm_splits_codemixed,false_negative,19,man,8
mbert,kaggle_hinglish_hate,cm_splits_codemixed,false_negative,20,talaq,8
mbert,kaggle_hinglish_hate,cm_splits_codemixed,false_positive,1,bhi,8
mbert,kaggle_hinglish_hate,cm_splits_codemixed,false_positive,2,just,6
mbert,kaggle_hinglish_hate,cm_splits_codemixed,false_positive,3,continue,5
mbert,kaggle_hinglish_hate,cm_splits_codemixed,false_positive,4,amp,5
mbert,kaggle_hinglish_hate,cm_splits_codemixed,false_positive,5,sab,5
mbert,kaggle_hinglish_hate,cm_splits_codemixed,false_positive,6,ipl,4
mbert,kaggle_hinglish_hate,cm_splits_codemixed,false_positive,7,diya,4
mbert,kaggle_hinglish_hate,cm_splits_codemixed,false_positive,8,nahi,4
mbert,kaggle_hinglish_hate,cm_splits_codemixed,false_positive,9,rahe,4
mbert,kaggle_hinglish_hate,cm_splits_codemixed,false_positive,10,nhi,4
mbert,kaggle_hinglish_hate,cm_splits_codemixed,false_positive,11,india,4
mbert,kaggle_hinglish_hate,cm_splits_codemixed,false_positive,12,what,4
mbert,kaggle_hinglish_hate,cm_splits_codemixed,false_positive,13,people,4
mbert,kaggle_hinglish_hate,cm_splits_codemixed,false_positive,14,aap,4
mbert,kaggle_hinglish_hate,cm_splits_codemixed,false_positive,15,urban,3
mbert,kaggle_hinglish_hate,cm_splits_codemixed,false_positive,16,flooding,3
mbert,kaggle_hinglish_hate,cm_splits_codemixed,false_positive,17,know,3
mbert,kaggle_hinglish_hate,cm_splits_codemixed,false_positive,18,elon,3
mbert,kaggle_hinglish_hate,cm_splits_codemixed,false_positive,19,bhai,3
mbert,kaggle_hinglish_hate,cm_splits_codemixed,false_positive,20,bahut,3
mbert,kaggle_hinglish_hate,kaggle_hinglish_hate,false_negative,1,rape,142
mbert,kaggle_hinglish_hate,kaggle_hinglish_hate,false_negative,2,bhi,46
mbert,kaggle_hinglish_hate,kaggle_hinglish_hate,false_negative,3,hate,36
mbert,kaggle_hinglish_hate,kaggle_hinglish_hate,false_negative,4,nahi,35
mbert,kaggle_hinglish_hate,kaggle_hinglish_hate,false_negative,5,tum,24
mbert,kaggle_hinglish_hate,kaggle_hinglish_hate,false_negative,6,nafrat,24
mbert,kaggle_hinglish_hate,kaggle_hinglish_hate,false_negative,7,terrorism,22
mbert,kaggle_hinglish_hate,kaggle_hinglish_hate,false_negative,8,kiya,19
mbert,kaggle_hinglish_hate,kaggle_hinglish_hate,false_negative,9,karte,19
mbert,kaggle_hinglish_hate,kaggle_hinglish_hate,false_negative,10,kisi,18
mbert,kaggle_hinglish_hate,kaggle_hinglish_hate,false_negative,11,koi,18
mbert,kaggle_hinglish_hate,kaggle_hinglish_hate,false_negative,12,desh,17
mbert,kaggle_hinglish_hate,kaggle_hinglish_hate,false_negative,13,bhai,16
mbert,kaggle_hinglish_hate,kaggle_hinglish_hate,false_negative,14,toh,15
mbert,kaggle_hinglish_hate,kaggle_hinglish_hate,false_negative,15,log,15
mbert,kaggle_hinglish_hate,kaggle_hinglish_hate,false_negative,16,hindu,14
mbert,kaggle_hinglish_hate,kaggle_hinglish_hate,false_negative,17,raha,14
mbert,kaggle_hinglish_hate,kaggle_hinglish_hate,false_negative,18,naam,13
mbert,kaggle_hinglish_hate,kaggle_hinglish_hate,false_negative,19,wale,13
mbert,kaggle_hinglish_hate,kaggle_hinglish_hate,false_negative,20,khud,13
mbert,kaggle_hinglish_hate,kaggle_hinglish_hate,false_positive,1,hate,30
mbert,kaggle_hinglish_hate,kaggle_hinglish_hate,false_positive,2,nahi,14
mbert,kaggle_hinglish_hate,kaggle_hinglish_hate,false_positive,3,rape,14
mbert,kaggle_hinglish_hate,kaggle_hinglish_hate,false_positive,4,shilpa,10
mbert,kaggle_hinglish_hate,kaggle_hinglish_hate,false_positive,5,koi,10
mbert,kaggle_hinglish_hate,kaggle_hinglish_hate,false_positive,6,nhi,8
mbert,kaggle_hinglish_hate,kaggle_hinglish_hate,false_positive,7,bhi,7
mbert,kaggle_hinglish_hate,kaggle_hinglish_hate,false_positive,8,apne,7
mbert,kaggle_hinglish_hate,kaggle_hinglish_hate,false_positive,9,raha,7
mbert,kaggle_hinglish_hate,kaggle_hinglish_hate,false_positive,10,liye,6
mbert,kaggle_hinglish_hate,kaggle_hinglish_hate,false_positive,11,rahi,6
mbert,kaggle_hinglish_hate,kaggle_hinglish_hate,false_positive,12,naam,5
mbert,kaggle_hinglish_hate,kaggle_hinglish_hate,false_positive,13,kiya,5
mbert,kaggle_hinglish_hate,kaggle_hinglish_hate,false_positive,14,rahe,5
mbert,kaggle_hinglish_hate,kaggle_hinglish_hate,false_positive,15,mujhe,5
mbert,kaggle_hinglish_hate,kaggle_hinglish_hate,false_positive,16,sab,5
mbert,kaggle_hinglish_hate,kaggle_hinglish_hate,false_positive,17,kaha,4
mbert,kaggle_hinglish_hate,kaggle_hinglish_hate,false_positive,18,jaise,4
mbert,kaggle_hinglish_hate,kaggle_hinglish_hate,false_positive,19,buddha,4
mbert,kaggle_hinglish_hate,kaggle_hinglish_hate,false_positive,20,bachi,4
mbert,kaggle_hinglish_hate,thar_religion,false_negative,1,hindu,160
mbert,kaggle_hinglish_hate,thar_religion,false_negative,2,nahi,127
mbert,kaggle_hinglish_hate,thar_religion,false_negative,3,muslim,120
mbert,kaggle_hinglish_hate,thar_religion,false_negative,4,bhi,111
mbert,kaggle_hinglish_hate,thar_religion,false_negative,5,में,99
mbert,kaggle_hinglish_hate,thar_religion,false_negative,6,islam,92
mbert,kaggle_hinglish_hate,thar_religion,false_negative,7,नहीं,80
mbert,kaggle_hinglish_hate,thar_religion,false_negative,8,nhi,79
mbert,kaggle_hinglish_hate,thar_religion,false_negative,9,हैं,77
mbert,kaggle_hinglish_hate,thar_religion,false_negative,10,allah,60
mbert,kaggle_hinglish_hate,thar_religion,false_negative,11,धर्म,57
mbert,kaggle_hinglish_hate,thar_religion,false_negative,12,pakistan,53
mbert,kaggle_hinglish_hate,thar_religion,false_negative,13,musalman,51
mbert,kaggle_hinglish_hate,thar_religion,false_negative,14,maulana,50
mbert,kaggle_hinglish_hate,thar_religion,false_negative,15,sab,47
mbert,kaggle_hinglish_hate,thar_religion,false_negative,16,log,45
mbert,kaggle_hinglish_hate,thar_religion,false_negative,17,bhai,43
mbert,kaggle_hinglish_hate,thar_religion,false_negative,18,tum,42
mbert,kaggle_hinglish_hate,thar_religion,false_negative,19,par,41
mbert,kaggle_hinglish_hate,thar_religion,false_negative,20,koi,38
mbert,kaggle_hinglish_hate,thar_religion,false_positive,1,nahi,108
mbert,kaggle_hinglish_hate,thar_religion,false_positive,2,bhi,86
mbert,kaggle_hinglish_hate,thar_religion,false_positive,3,aap,70
mbert,kaggle_hinglish_hate,thar_religion,false_positive,4,log,54
mbert,kaggle_hinglish_hate,thar_religion,false_positive,5,koi,53
mbert,kaggle_hinglish_hate,thar_religion,false_positive,6,dharm,52
mbert,kaggle_hinglish_hate,thar_religion,false_positive,7,sab,50
mbert,kaggle_hinglish_hate,thar_religion,false_positive,8,नहीं,49
mbert,kaggle_hinglish_hate,thar_religion,false_positive,9,apne,49
mbert,kaggle_hinglish_hate,thar_religion,false_positive,10,hindu,49
mbert,kaggle_hinglish_hate,thar_religion,false_positive,11,nhi,48
mbert,kaggle_hinglish_hate,thar_religion,false_positive,12,में,46
mbert,kaggle_hinglish_hate,thar_religion,false_positive,13,yeshu,44
mbert,kaggle_hinglish_hate,thar_religion,false_positive,14,par,38
mbert,kaggle_hinglish_hate,thar_religion,false_positive,15,धर्म,34
mbert,kaggle_hinglish_hate,thar_religion,false_positive,16,liye,34
mbert,kaggle_hinglish_hate,thar_religion,false_positive,17,jesus,29
mbert,kaggle_hinglish_hate,thar_religion,false_positive,18,hum,26
mbert,kaggle_hinglish_hate,thar_religion,false_positive,19,dharam,25
mbert,kaggle_hinglish_hate,thar_religion,false_positive,20,rahe,24
mbert,thar_religion,cm_splits_codemixed,false_negative,1,can,12
mbert,thar_religion,cm_splits_codemixed,false_negative,2,ghar,12
mbert,thar_religion,cm_splits_codemixed,false_negative,3,wapasi,11
mbert,thar_religion,cm_splits_codemixed,false_negative,4,nhi,9
mbert,thar_religion,cm_splits_codemixed,false_negative,5,bhi,9
mbert,thar_religion,cm_splits_codemixed,false_negative,6,amp,8
mbert,thar_religion,cm_splits_codemixed,false_negative,7,godse,8
mbert,thar_religion,cm_splits_codemixed,false_negative,8,man,8
mbert,thar_religion,cm_splits_codemixed,false_negative,9,hijab,8
mbert,thar_religion,cm_splits_codemixed,false_negative,10,golwalkar,8
mbert,thar_religion,cm_splits_codemixed,false_negative,11,nahi,8
mbert,thar_religion,cm_splits_codemixed,false_negative,12,gandhi,7
mbert,thar_religion,cm_splits_codemixed,false_negative,13,like,7
mbert,thar_religion,cm_splits_codemixed,false_negative,14,में,7
mbert,thar_religion,cm_splits_codemixed,false_negative,15,talaq,7
mbert,thar_religion,cm_splits_codemixed,false_negative,16,right,6
mbert,thar_religion,cm_splits_codemixed,false_negative,17,demonetisation,6
mbert,thar_religion,cm_splits_codemixed,false_negative,18,farmer,6
mbert,thar_religion,cm_splits_codemixed,false_negative,19,bill,6
mbert,thar_religion,cm_splits_codemixed,false_negative,20,nehru,6
mbert,thar_religion,cm_splits_codemixed,false_positive,1,gandhi,10
mbert,thar_religion,cm_splits_codemixed,false_positive,2,indian,10
mbert,thar_religion,cm_splits_codemixed,false_positive,3,nehru,8
mbert,thar_religion,cm_splits_codemixed,false_positive,4,patel,8
mbert,thar_religion,cm_splits_codemixed,false_positive,5,sardar,7
mbert,thar_religion,cm_splits_codemixed,false_positive,6,pakistan,6
mbert,thar_religion,cm_splits_codemixed,false_positive,7,india,6
mbert,thar_religion,cm_splits_codemixed,false_positive,8,nahi,6
mbert,thar_religion,cm_splits_codemixed,false_positive,9,singh,6
mbert,thar_religion,cm_splits_codemixed,false_positive,10,army,6
mbert,thar_religion,cm_splits_codemixed,false_positive,11,मुसलमानों,6
mbert,thar_religion,cm_splits_codemixed,false_positive,12,has,5
mbert,thar_religion,cm_splits_codemixed,false_positive,13,bhagat,5
mbert,thar_religion,cm_splits_codemixed,false_positive,14,modi,5
mbert,thar_religion,cm_splits_codemixed,false_positive,15,his,5
mbert,thar_religion,cm_splits_codemixed,false_positive,16,hindu,5
mbert,thar_religion,cm_splits_codemixed,false_positive,17,bhi,5
mbert,thar_religion,cm_splits_codemixed,false_positive,18,लिए,5
mbert,thar_religion,cm_splits_codemixed,false_positive,19,aap,5
mbert,thar_religion,cm_splits_codemixed,false_positive,20,about,4
mbert,thar_religion,kaggle_hinglish_hate,false_negative,1,rape,123
mbert,thar_religion,kaggle_hinglish_hate,false_negative,2,hate,106
mbert,thar_religion,kaggle_hinglish_hate,false_negative,3,bhi,67
mbert,thar_religion,kaggle_hinglish_hate,false_negative,4,nahi,39
mbert,thar_religion,kaggle_hinglish_hate,false_negative,5,tum,22
mbert,thar_religion,kaggle_hinglish_hate,false_negative,6,nhi,20
mbert,thar_religion,kaggle_hinglish_hate,false_negative,7,liye,18
mbert,thar_religion,kaggle_hinglish_hate,false_negative,8,log,18
mbert,thar_religion,kaggle_hinglish_hate,false_negative,9,nafrat,18
mbert,thar_religion,kaggle_hinglish_hate,false_negative,10,aap,18
mbert,thar_religion,kaggle_hinglish_hate,false_negative,11,kisi,18
mbert,thar_religion,kaggle_hinglish_hate,false_negative,12,kuch,16
mbert,thar_religion,kaggle_hinglish_hate,false_negative,13,koi,16
mbert,thar_religion,kaggle_hinglish_hate,false_negative,14,bhai,15
mbert,thar_religion,kaggle_hinglish_hate,false_negative,15,khud,15
mbert,thar_religion,kaggle_hinglish_hate,false_negative,16,raha,15
mbert,thar_religion,kaggle_hinglish_hate,false_negative,17,rahi,15
mbert,thar_religion,kaggle_hinglish_hate,false_negative,18,kiya,15
mbert,thar_religion,kaggle_hinglish_hate,false_negative,19,karte,14
mbert,thar_religion,kaggle_hinglish_hate,false_negative,20,rahe,14
mbert,thar_religion,kaggle_hinglish_hate,false_positive,1,terrorism,69
mbert,thar_religion,kaggle_hinglish_hate,false_positive,2,rape,62
mbert,thar_religion,kaggle_hinglish_hate,false_positive,3,nahi,27
mbert,thar_religion,kaggle_hinglish_hate,false_positive,4,pakistan,27
mbert,thar_religion,kaggle_hinglish_hate,false_positive,5,bhi,24
mbert,thar_religion,kaggle_hinglish_hate,false_positive,6,tum,20
mbert,thar_religion,kaggle_hinglish_hate,false_positive,7,log,20
mbert,thar_religion,kaggle_hinglish_hate,false_positive,8,hindu,16
mbert,thar_religion,kaggle_hinglish_hate,false_positive,9,liye,14
mbert,thar_religion,kaggle_hinglish_hate,false_positive,10,kashmir,14
mbert,thar_religion,kaggle_hinglish_hate,false_positive,11,sirf,13
mbert,thar_religion,kaggle_hinglish_hate,false_positive,12,raha,13
mbert,thar_religion,kaggle_hinglish_hate,false_positive,13,sab,12
mbert,thar_religion,kaggle_hinglish_hate,false_positive,14,hota,12
mbert,thar_religion,kaggle_hinglish_hate,false_positive,15,main,12
mbert,thar_religion,kaggle_hinglish_hate,false_positive,16,hum,11
mbert,thar_religion,kaggle_hinglish_hate,false_positive,17,kiya,11
mbert,thar_religion,kaggle_hinglish_hate,false_positive,18,rahe,11
mbert,thar_religion,kaggle_hinglish_hate,false_positive,19,hate,11
mbert,thar_religion,kaggle_hinglish_hate,false_positive,20,koi,11
mbert,thar_religion,thar_religion,false_negative,1,nahi,48
mbert,thar_religion,thar_religion,false_negative,2,bhi,40
mbert,thar_religion,thar_religion,false_negative,3,nhi,34
mbert,thar_religion,thar_religion,false_negative,4,aap,33
mbert,thar_religion,thar_religion,false_negative,5,log,33
mbert,thar_religion,thar_religion,false_negative,6,liye,27
mbert,thar_religion,thar_religion,false_negative,7,नहीं,24
mbert,thar_religion,thar_religion,false_negative,8,में,23
mbert,thar_religion,thar_religion,false_negative,9,धर्म,21
mbert,thar_religion,thar_religion,false_negative,10,tum,18
mbert,thar_religion,thar_religion,false_negative,11,allah,18
mbert,thar_religion,thar_religion,false_negative,12,din,18
mbert,thar_religion,thar_religion,false_negative,13,per,17
mbert,thar_religion,thar_religion,false_negative,14,pooja,16
mbert,thar_religion,thar_religion,false_negative,15,karne,16
mbert,thar_religion,thar_religion,false_negative,16,apne,16
mbert,thar_religion,thar_religion,false_negative,17,kisi,16
mbert,thar_religion,thar_religion,false_negative,18,sath,16
mbert,thar_religion,thar_religion,false_negative,19,कोई,15
mbert,thar_religion,thar_religion,false_negative,20,hum,14
mbert,thar_religion,thar_religion,false_positive,1,hindu,126
mbert,thar_religion,thar_religion,false_positive,2,nahi,79
mbert,thar_religion,thar_religion,false_positive,3,muslim,74
mbert,thar_religion,thar_religion,false_positive,4,bhi,72
mbert,thar_religion,thar_religion,false_positive,5,sab,48
mbert,thar_religion,thar_religion,false_positive,6,log,45
mbert,thar_religion,thar_religion,false_positive,7,islam,44
mbert,thar_religion,thar_religion,false_positive,8,aap,41
mbert,thar_religion,thar_religion,false_positive,9,koi,41
mbert,thar_religion,thar_religion,false_positive,10,nhi,40
mbert,thar_religion,thar_religion,false_positive,11,bhai,34
mbert,thar_religion,thar_religion,false_positive,12,dharm,33
mbert,thar_religion,thar_religion,false_positive,13,apne,31
mbert,thar_religion,thar_religion,false_positive,14,में,26
mbert,thar_religion,thar_religion,false_positive,15,allah,26
mbert,thar_religion,thar_religion,false_positive,16,hum,24
mbert,thar_religion,thar_religion,false_positive,17,raha,23
mbert,thar_religion,thar_religion,false_positive,18,sirf,23
mbert,thar_religion,thar_religion,false_positive,19,नहीं,22
mbert,thar_religion,thar_religion,false_positive,20,par,22
muril,cm_splits_codemixed,cm_splits_codemixed,false_negative,1,demonetisation,7
muril,cm_splits_codemixed,cm_splits_codemixed,false_negative,2,can,7
muril,cm_splits_codemixed,cm_splits_codemixed,false_negative,3,what,6
muril,cm_splits_codemixed,cm_splits_codemixed,false_negative,4,rss,6
muril,cm_splits_codemixed,cm_splits_codemixed,false_negative,5,में,6
muril,cm_splits_codemixed,cm_splits_codemixed,false_negative,6,man,6
muril,cm_splits_codemixed,cm_splits_codemixed,false_negative,7,like,6
muril,cm_splits_codemixed,cm_splits_codemixed,false_negative,8,uapa,6
muril,cm_splits_codemixed,cm_splits_codemixed,false_negative,9,who,6
muril,cm_splits_codemixed,cm_splits_codemixed,false_negative,10,ipl,6
muril,cm_splits_codemixed,cm_splits_codemixed,false_negative,11,nehru,5
muril,cm_splits_codemixed,cm_splits_codemixed,false_negative,12,golwalkar,5
muril,cm_splits_codemixed,cm_splits_codemixed,false_negative,13,hijab,5
muril,cm_splits_codemixed,cm_splits_codemixed,false_negative,14,right,5
muril,cm_splits_codemixed,cm_splits_codemixed,false_negative,15,bill,5
muril,cm_splits_codemixed,cm_splits_codemixed,false_negative,16,talaq,5
muril,cm_splits_codemixed,cm_splits_codemixed,false_negative,17,muslim,4
muril,cm_splits_codemixed,cm_splits_codemixed,false_negative,18,india,4
muril,cm_splits_codemixed,cm_splits_codemixed,false_negative,19,gandhi,4
muril,cm_splits_codemixed,cm_splits_codemixed,false_negative,20,about,4
muril,cm_splits_codemixed,cm_splits_codemixed,false_positive,1,india,6
muril,cm_splits_codemixed,cm_splits_codemixed,false_positive,2,मुसलमानों,6
muril,cm_splits_codemixed,cm_splits_codemixed,false_positive,3,savarkar,5
muril,cm_splits_codemixed,cm_splits_codemixed,false_positive,4,golwalkar,5
muril,cm_splits_codemixed,cm_splits_codemixed,false_positive,5,nahi,5
muril,cm_splits_codemixed,cm_splits_codemixed,false_positive,6,लिए,5
muril,cm_splits_codemixed,cm_splits_codemixed,false_positive,7,किसी,4
muril,cm_splits_codemixed,cm_splits_codemixed,false_positive,8,hindu,4
muril,cm_splits_codemixed,cm_splits_codemixed,false_positive,9,nhi,4
muril,cm_splits_codemixed,cm_splits_codemixed,false_positive,10,sab,4
muril,cm_splits_codemixed,cm_splits_codemixed,false_positive,11,dalit,4
muril,cm_splits_codemixed,cm_splits_codemixed,false_positive,12,congress,4
muril,cm_splits_codemixed,cm_splits_codemixed,false_positive,13,में,3
muril,cm_splits_codemixed,cm_splits_codemixed,false_positive,14,secularism,3
muril,cm_splits_codemixed,cm_splits_codemixed,false_positive,15,rss,3
muril,cm_splits_codemixed,cm_splits_codemixed,false_positive,16,elon,3
muril,cm_splits_codemixed,cm_splits_codemixed,false_positive,17,bhai,3
muril,cm_splits_codemixed,cm_splits_codemixed,false_positive,18,kabhi,3
muril,cm_splits_codemixed,cm_splits_codemixed,false_positive,19,love,3
muril,cm_splits_codemixed,cm_splits_codemixed,false_positive,20,jihad,3
muril,cm_splits_codemixed,kaggle_hinglish_hate,false_negative,1,hate,64
muril,cm_splits_codemixed,kaggle_hinglish_hate,false_negative,2,rape,60
muril,cm_splits_codemixed,kaggle_hinglish_hate,false_negative,3,bhi,32
muril,cm_splits_codemixed,kaggle_hinglish_hate,false_negative,4,nahi,14
muril,cm_splits_codemixed,kaggle_hinglish_hate,false_negative,5,log,11
muril,cm_splits_codemixed,kaggle_hinglish_hate,false_negative,6,khud,11
muril,cm_splits_codemixed,kaggle_hinglish_hate,false_negative,7,kiya,11
muril,cm_splits_codemixed,kaggle_hinglish_hate,false_negative,8,nhi,10
muril,cm_splits_codemixed,kaggle_hinglish_hate,false_negative,9,twitter,9
muril,cm_splits_codemixed,kaggle_hinglish_hate,false_negative,10,kuch,9
muril,cm_splits_codemixed,kaggle_hinglish_hate,false_negative,11,tum,8
muril,cm_splits_codemixed,kaggle_hinglish_hate,false_negative,12,rahi,8
muril,cm_splits_codemixed,kaggle_hinglish_hate,false_negative,13,main,8
muril,cm_splits_codemixed,kaggle_hinglish_hate,false_negative,14,hota,7
muril,cm_splits_codemixed,kaggle_hinglish_hate,false_negative,15,rahe,7
muril,cm_splits_codemixed,kaggle_hinglish_hate,false_negative,16,com,7
muril,cm_splits_codemixed,kaggle_hinglish_hate,false_negative,17,aap,7
muril,cm_splits_codemixed,kaggle_hinglish_hate,false_negative,18,hote,7
muril,cm_splits_codemixed,kaggle_hinglish_hate,false_negative,19,jaise,7
muril,cm_splits_codemixed,kaggle_hinglish_hate,false_negative,20,baat,7
muril,cm_splits_codemixed,kaggle_hinglish_hate,false_positive,1,rape,124
muril,cm_splits_codemixed,kaggle_hinglish_hate,false_positive,2,nahi,58
muril,cm_splits_codemixed,kaggle_hinglish_hate,false_positive,3,hate,56
muril,cm_splits_codemixed,kaggle_hinglish_hate,false_positive,4,terrorism,44
muril,cm_splits_codemixed,kaggle_hinglish_hate,false_positive,5,bhi,43
muril,cm_splits_codemixed,kaggle_hinglish_hate,false_positive,6,tum,29
muril,cm_splits_codemixed,kaggle_hinglish_hate,false_positive,7,log,26
muril,cm_splits_codemixed,kaggle_hinglish_hate,false_positive,8,raha,25
muril,cm_splits_codemixed,kaggle_hinglish_hate,false_positive,9,koi,25
muril,cm_splits_codemixed,kaggle_hinglish_hate,false_positive,10,sab,21
muril,cm_splits_codemixed,kaggle_hinglish_hate,false_positive,11,liye,20
muril,cm_splits_codemixed,kaggle_hinglish_hate,false_positive,12,pakistan,19
muril,cm_splits_codemixed,kaggle_hinglish_hate,false_positive,13,hota,19
muril,cm_splits_codemixed,kaggle_hinglish_hate,false_positive,14,sirf,18
muril,cm_splits_codemixed,kaggle_hinglish_hate,false_positive,15,mujhe,18
muril,cm_splits_codemixed,kaggle_hinglish_hate,false_positive,16,nafrat,18
muril,cm_splits_codemixed,kaggle_hinglish_hate,false_positive,17,karte,18
muril,cm_splits_codemixed,kaggle_hinglish_hate,false_positive,18,nhi,17
muril,cm_splits_codemixed,kaggle_hinglish_hate,false_positive,19,kiya,17
muril,cm_splits_codemixed,kaggle_hinglish_hate,false_positive,20,apni,17
muril,cm_splits_codemixed,thar_religion,false_negative,1,में,60
muril,cm_splits_codemixed,thar_religion,false_negative,2,नहीं,56
muril,cm_splits_codemixed,thar_religion,false_negative,3,pakistan,45
muril,cm_splits_codemixed,thar_religion,false_negative,4,hindu,44
muril,cm_splits_codemixed,thar_religion,false_negative,5,हैं,40
muril,cm_splits_codemixed,thar_religion,false_negative,6,nhi,40
muril,cm_splits_codemixed,thar_religion,false_negative,7,bhi,38
muril,cm_splits_codemixed,thar_religion,false_negative,8,nahi,35
muril,cm_splits_codemixed,thar_religion,false_negative,9,है।,27
muril,cm_splits_codemixed,thar_religion,false_negative,10,कोई,26
muril,cm_splits_codemixed,thar_religion,false_negative,11,murdabad,26
muril,cm_splits_codemixed,thar_religion,false_negative,12,लिए,24
muril,cm_splits_codemixed,thar_religion,false_negative,13,maulana,22
muril,cm_splits_codemixed,thar_religion,false_negative,14,मौलाना,22
muril,cm_splits_codemixed,thar_religion,false_negative,15,muslim,21
muril,cm_splits_codemixed,thar_religion,false_negative,16,इस्लाम,21
muril,cm_splits_codemixed,thar_religion,false_negative,17,log,20
muril,cm_splits_codemixed,thar_religion,false_negative,18,पाकिस्तान,20
muril,cm_splits_codemixed,thar_religion,false_negative,19,रहा,20
muril,cm_splits_codemixed,thar_religion,false_negative,20,धर्म,18
muril,cm_splits_codemixed,thar_religion,false_positive,1,nahi,165
muril,cm_splits_codemixed,thar_religion,false_positive,2,bhi,142
muril,cm_splits_codemixed,thar_religion,false_positive,3,hindu,105
muril,cm_splits_codemixed,thar_religion,false_positive,4,koi,89
muril,cm_splits_codemixed,thar_religion,false_positive,5,aap,88
muril,cm_splits_codemixed,thar_religion,false_positive,6,dharm,80
muril,cm_splits_codemixed,thar_religion,false_positive,7,log,79
muril,cm_splits_codemixed,thar_religion,false_positive,8,sab,79
muril,cm_splits_codemixed,thar_religion,false_positive,9,nhi,63
muril,cm_splits_codemixed,thar_religion,false_positive,10,muslim,62
muril,cm_splits_codemixed,thar_religion,false_positive,11,apne,61
muril,cm_splits_codemixed,thar_religion,false_positive,12,नहीं,59
muril,cm_splits_codemixed,thar_religion,false_positive,13,yeshu,56
muril,cm_splits_codemixed,thar_religion,false_positive,14,par,56
muril,cm_splits_codemixed,thar_religion,false_positive,15,में,48
muril,cm_splits_codemixed,thar_religion,false_positive,16,धर्म,46
muril,cm_splits_codemixed,thar_religion,false_positive,17,bhai,43
muril,cm_splits_codemixed,thar_religion,false_positive,18,tum,42
muril,cm_splits_codemixed,thar_religion,false_positive,19,islam,42
muril,cm_splits_codemixed,thar_religion,false_positive,20,dharam,41
muril,kaggle_hinglish_hate,cm_splits_codemixed,false_negative,1,can,15
muril,kaggle_hinglish_hate,cm_splits_codemixed,false_negative,2,hindu,14
muril,kaggle_hinglish_hate,cm_splits_codemixed,false_negative,3,golwalkar,14
muril,kaggle_hinglish_hate,cm_splits_codemixed,false_negative,4,his,13
muril,kaggle_hinglish_hate,cm_splits_codemixed,false_negative,5,ghar,13
muril,kaggle_hinglish_hate,cm_splits_codemixed,false_negative,6,gandhi,12
muril,kaggle_hinglish_hate,cm_splits_codemixed,false_negative,7,muslim,12
muril,kaggle_hinglish_hate,cm_splits_codemixed,false_negative,8,hijab,12
muril,kaggle_hinglish_hate,cm_splits_codemixed,false_negative,9,nhi,12
muril,kaggle_hinglish_hate,cm_splits_codemixed,false_negative,10,wapasi,12
muril,kaggle_hinglish_hate,cm_splits_codemixed,false_negative,11,bhi,12
muril,kaggle_hinglish_hate,cm_splits_codemixed,false_negative,12,love,11
muril,kaggle_hinglish_hate,cm_splits_codemixed,false_negative,13,jihad,11
muril,kaggle_hinglish_hate,cm_splits_codemixed,false_negative,14,like,11
muril,kaggle_hinglish_hate,cm_splits_codemixed,false_negative,15,nehru,10
muril,kaggle_hinglish_hate,cm_splits_codemixed,false_negative,16,india,10
muril,kaggle_hinglish_hate,cm_splits_codemixed,false_negative,17,who,10
muril,kaggle_hinglish_hate,cm_splits_codemixed,false_negative,18,amp,9
muril,kaggle_hinglish_hate,cm_splits_codemixed,false_negative,19,what,8
muril,kaggle_hinglish_hate,cm_splits_codemixed,false_negative,20,about,8
muril,kaggle_hinglish_hate,cm_splits_codemixed,false_positive,1,nhi,4
muril,kaggle_hinglish_hate,cm_splits_codemixed,false_positive,2,bhi,3
muril,kaggle_hinglish_hate,cm_splits_codemixed,false_positive,3,players,2
muril,kaggle_hinglish_hate,cm_splits_codemixed,false_positive,4,ipl,2
muril,kaggle_hinglish_hate,cm_splits_codemixed,false_positive,5,love,2
muril,kaggle_hinglish_hate,cm_splits_codemixed,false_positive,6,jihad,2
muril,kaggle_hinglish_hate,cm_splits_codemixed,false_positive,7,case,2
muril,kaggle_hinglish_hate,cm_splits_codemixed,false_positive,8,hathras,2
muril,kaggle_hinglish_hate,cm_splits_codemixed,false_positive,9,mdhe,2
muril,kaggle_hinglish_hate,cm_splits_codemixed,false_positive,10,kiti,2
muril,kaggle_hinglish_hate,cm_splits_codemixed,false_positive,11,etc,2
muril,kaggle_hinglish_hate,cm_splits_codemixed,false_positive,12,gaya,2
muril,kaggle_hinglish_hate,cm_splits_codemixed,false_positive,13,naa,2
muril,kaggle_hinglish_hate,cm_splits_codemixed,false_positive,14,sri,2
muril,kaggle_hinglish_hate,cm_splits_codemixed,false_positive,15,saboot,2
muril,kaggle_hinglish_hate,cm_splits_codemixed,false_positive,16,rahe,2
muril,kaggle_hinglish_hate,cm_splits_codemixed,false_positive,17,saal,2
muril,kaggle_hinglish_hate,cm_splits_codemixed,false_positive,18,france,2
muril,kaggle_hinglish_hate,cm_splits_codemixed,false_positive,19,life,2
muril,kaggle_hinglish_hate,cm_splits_codemixed,false_positive,20,too,2
muril,kaggle_hinglish_hate,kaggle_hinglish_hate,false_negative,1,rape,152
muril,kaggle_hinglish_hate,kaggle_hinglish_hate,false_negative,2,hate,91
muril,kaggle_hinglish_hate,kaggle_hinglish_hate,false_negative,3,bhi,64
muril,kaggle_hinglish_hate,kaggle_hinglish_hate,false_negative,4,nahi,50
muril,kaggle_hinglish_hate,kaggle_hinglish_hate,false_negative,5,tum,33
muril,kaggle_hinglish_hate,kaggle_hinglish_hate,false_negative,6,nafrat,25
muril,kaggle_hinglish_hate,kaggle_hinglish_hate,false_negative,7,kiya,23
muril,kaggle_hinglish_hate,kaggle_hinglish_hate,false_negative,8,terrorism,23
muril,kaggle_hinglish_hate,kaggle_hinglish_hate,false_negative,9,karte,21
muril,kaggle_hinglish_hate,kaggle_hinglish_hate,false_negative,10,koi,21
muril,kaggle_hinglish_hate,kaggle_hinglish_hate,false_negative,11,toh,20
muril,kaggle_hinglish_hate,kaggle_hinglish_hate,false_negative,12,bhai,19
muril,kaggle_hinglish_hate,kaggle_hinglish_hate,false_negative,13,log,19
muril,kaggle_hinglish_hate,kaggle_hinglish_hate,false_negative,14,kisi,19
muril,kaggle_hinglish_hate,kaggle_hinglish_hate,false_negative,15,desh,19
muril,kaggle_hinglish_hate,kaggle_hinglish_hate,false_negative,16,raha,18
muril,kaggle_hinglish_hate,kaggle_hinglish_hate,false_negative,17,khud,18
muril,kaggle_hinglish_hate,kaggle_hinglish_hate,false_negative,18,rahe,17
muril,kaggle_hinglish_hate,kaggle_hinglish_hate,false_negative,19,hote,16
muril,kaggle_hinglish_hate,kaggle_hinglish_hate,false_negative,20,baat,16
muril,kaggle_hinglish_hate,kaggle_hinglish_hate,false_positive,1,hate,12
muril,kaggle_hinglish_hate,kaggle_hinglish_hate,false_positive,2,bhi,6
muril,kaggle_hinglish_hate,kaggle_hinglish_hate,false_positive,3,nhi,6
muril,kaggle_hinglish_hate,kaggle_hinglish_hate,false_positive,4,liye,4
muril,kaggle_hinglish_hate,kaggle_hinglish_hate,false_positive,5,buddha,4
muril,kaggle_hinglish_hate,kaggle_hinglish_hate,false_positive,6,bachi,4
muril,kaggle_hinglish_hate,kaggle_hinglish_hate,false_positive,7,mujhe,4
muril,kaggle_hinglish_hate,kaggle_hinglish_hate,false_positive,8,nahi,3
muril,kaggle_hinglish_hate,kaggle_hinglish_hate,false_positive,9,log,3
muril,kaggle_hinglish_hate,kaggle_hinglish_hate,false_positive,10,alia,3
muril,kaggle_hinglish_hate,kaggle_hinglish_hate,false_positive,11,baar,3
muril,kaggle_hinglish_hate,kaggle_hinglish_hate,false_positive,12,hota,3
muril,kaggle_hinglish_hate,kaggle_hinglish_hate,false_positive,13,yeh,3
muril,kaggle_hinglish_hate,kaggle_hinglish_hate,false_positive,14,khoon,3
muril,kaggle_hinglish_hate,kaggle_hinglish_hate,false_positive,15,society,3
muril,kaggle_hinglish_hate,kaggle_hinglish_hate,false_positive,16,rape,3
muril,kaggle_hinglish_hate,kaggle_hinglish_hate,false_positive,17,mei,3
muril,kaggle_hinglish_hate,kaggle_hinglish_hate,false_positive,18,edhe,3
muril,kaggle_hinglish_hate,kaggle_hinglish_hate,false_positive,19,baat,2
muril,kaggle_hinglish_hate,kaggle_hinglish_hate,false_positive,20,ajmal,2
muril,kaggle_hinglish_hate,thar_religion,false_negative,1,hindu,191
muril,kaggle_hinglish_hate,thar_religion,false_negative,2,में,161
muril,kaggle_hinglish_hate,thar_religion,false_negative,3,bhi,160
muril,kaggle_hinglish_hate,thar_religion,false_negative,4,nahi,154
muril,kaggle_hinglish_hate,thar_religion,false_negative,5,muslim,135
muril,kaggle_hinglish_hate,thar_religion,false_negative,6,नहीं,113
muril,kaggle_hinglish_hate,thar_religion,false_negative,7,islam,111
muril,kaggle_hinglish_hate,thar_religion,false_negative,8,हैं,102
muril,kaggle_hinglish_hate,thar_religion,false_negative,9,nhi,98
muril,kaggle_hinglish_hate,thar_religion,false_negative,10,धर्म,80
muril,kaggle_hinglish_hate,thar_religion,false_negative,11,pakistan,76
muril,kaggle_hinglish_hate,thar_religion,false_negative,12,नही,76
muril,kaggle_hinglish_hate,thar_religion,false_negative,13,allah,69
muril,kaggle_hinglish_hate,thar_religion,false_negative,14,log,64
muril,kaggle_hinglish_hate,thar_religion,false_negative,15,koi,62
muril,kaggle_hinglish_hate,thar_religion,false_negative,16,musalman,56
muril,kaggle_hinglish_hate,thar_religion,false_negative,17,sab,54
muril,kaggle_hinglish_hate,thar_religion,false_negative,18,maulana,54
muril,kaggle_hinglish_hate,thar_religion,false_negative,19,लिए,53
muril,kaggle_hinglish_hate,thar_religion,false_negative,20,इस्लाम,49
muril,kaggle_hinglish_hate,thar_religion,false_positive,1,nahi,85
muril,kaggle_hinglish_hate,thar_religion,false_positive,2,bhi,57
muril,kaggle_hinglish_hate,thar_religion,false_positive,3,aap,57
muril,kaggle_hinglish_hate,thar_religion,false_positive,4,nhi,42
muril,kaggle_hinglish_hate,thar_religion,false_positive,5,sab,40
muril,kaggle_hinglish_hate,thar_religion,false_positive,6,yeshu,39
muril,kaggle_hinglish_hate,thar_religion,false_positive,7,log,37
muril,kaggle_hinglish_hate,thar_religion,false_positive,8,koi,37
muril,kaggle_hinglish_hate,thar_religion,false_positive,9,dharm,36
muril,kaggle_hinglish_hate,thar_religion,false_positive,10,hindu,32
muril,kaggle_hinglish_hate,thar_religion,false_positive,11,apne,31
muril,kaggle_hinglish_hate,thar_religion,false_positive,12,liye,26
muril,kaggle_hinglish_hate,thar_religion,false_positive,13,par,22
muril,kaggle_hinglish_hate,thar_religion,false_positive,14,jesus,22
muril,kaggle_hinglish_hate,thar_religion,false_positive,15,our,19
muril,kaggle_hinglish_hate,thar_religion,false_positive,16,mai,18
muril,kaggle_hinglish_hate,thar_religion,false_positive,17,hota,18
muril,kaggle_hinglish_hate,thar_religion,false_positive,18,bible,18
muril,kaggle_hinglish_hate,thar_religion,false_positive,19,tum,17
muril,kaggle_hinglish_hate,thar_religion,false_positive,20,logo,17
muril,thar_religion,cm_splits_codemixed,false_negative,1,nhi,11
muril,thar_religion,cm_splits_codemixed,false_negative,2,ghar,10
muril,thar_religion,cm_splits_codemixed,false_negative,3,wapasi,9
muril,thar_religion,cm_splits_codemixed,false_negative,4,bhi,8
muril,thar_religion,cm_splits_codemixed,false_negative,5,में,7
muril,thar_religion,cm_splits_codemixed,false_negative,6,man,7
muril,thar_religion,cm_splits_codemixed,false_negative,7,can,6
muril,thar_religion,cm_splits_codemixed,false_negative,8,like,6
muril,thar_religion,cm_splits_codemixed,false_negative,9,love,6
muril,thar_religion,cm_splits_codemixed,false_negative,10,jihad,6
muril,thar_religion,cm_splits_codemixed,false_negative,11,hijab,6
muril,thar_religion,cm_splits_codemixed,false_negative,12,golwalkar,6
muril,thar_religion,cm_splits_codemixed,false_negative,13,talaq,6
muril,thar_religion,cm_splits_codemixed,false_negative,14,gandhi,5
muril,thar_religion,cm_splits_codemixed,false_negative,15,india,5
muril,thar_religion,cm_splits_codemixed,false_negative,16,nahin,5
muril,thar_religion,cm_splits_codemixed,false_negative,17,garba,5
muril,thar_religion,cm_splits_codemixed,false_negative,18,log,5
muril,thar_religion,cm_splits_codemixed,false_negative,19,kisi,5
muril,thar_religion,cm_splits_codemixed,false_negative,20,bhai,5
muril,thar_religion,cm_splits_codemixed,false_positive,1,india,8
muril,thar_religion,cm_splits_codemixed,false_positive,2,demonetisation,8
muril,thar_religion,cm_splits_codemixed,false_positive,3,modi,8
muril,thar_religion,cm_splits_codemixed,false_positive,4,what,7
muril,thar_religion,cm_splits_codemixed,false_positive,5,about,7
muril,thar_religion,cm_splits_codemixed,false_positive,6,ipl,7
muril,thar_religion,cm_splits_codemixed,false_positive,7,dalit,7
muril,thar_religion,cm_splits_codemixed,false_positive,8,sardar,7
muril,thar_religion,cm_splits_codemixed,false_positive,9,patel,7
muril,thar_religion,cm_splits_codemixed,false_positive,10,pakistan,6
muril,thar_religion,cm_splits_codemixed,false_positive,11,bjp,6
muril,thar_religion,cm_splits_codemixed,false_positive,12,indian,6
muril,thar_religion,cm_splits_codemixed,false_positive,13,court,6
muril,thar_religion,cm_splits_codemixed,false_positive,14,uapa,6
muril,thar_religion,cm_splits_codemixed,false_positive,15,मुसलमानों,6
muril,thar_religion,cm_splits_codemixed,false_positive,16,has,5
muril,thar_religion,cm_splits_codemixed,false_positive,17,after,5
muril,thar_religion,cm_splits_codemixed,false_positive,18,singh,5
muril,thar_religion,cm_splits_codemixed,false_positive,19,women,5
muril,thar_religion,cm_splits_codemixed,false_positive,20,who,5
muril,thar_religion,kaggle_hinglish_hate,false_negative,1,rape,120
muril,thar_religion,kaggle_hinglish_hate,false_negative,2,hate,100
muril,thar_religion,kaggle_hinglish_hate,false_negative,3,bhi,67
muril,thar_religion,kaggle_hinglish_hate,false_negative,4,nahi,39
muril,thar_religion,kaggle_hinglish_hate,false_negative,5,tum,27
muril,thar_religion,kaggle_hinglish_hate,false_negative,6,nhi,19
muril,thar_religion,kaggle_hinglish_hate,false_negative,7,kisi,19
muril,thar_religion,kaggle_hinglish_hate,false_negative,8,kuch,18
muril,thar_religion,kaggle_hinglish_hate,false_negative,9,log,18
muril,thar_religion,kaggle_hinglish_hate,false_negative,10,liye,17
muril,thar_religion,kaggle_hinglish_hate,false_negative,11,koi,17
muril,thar_religion,kaggle_hinglish_hate,false_negative,12,nafrat,17
muril,thar_religion,kaggle_hinglish_hate,false_negative,13,toh,16
muril,thar_religion,kaggle_hinglish_hate,false_negative,14,karte,16
muril,thar_religion,kaggle_hinglish_hate,false_negative,15,aap,16
muril,thar_religion,kaggle_hinglish_hate,false_negative,16,khud,16
muril,thar_religion,kaggle_hinglish_hate,false_negative,17,kiya,16
muril,thar_religion,kaggle_hinglish_hate,false_negative,18,hote,15
muril,thar_religion,kaggle_hinglish_hate,false_negative,19,bhai,14
muril,thar_religion,kaggle_hinglish_hate,false_negative,20,apni,14
muril,thar_religion,kaggle_hinglish_hate,false_positive,1,rape,69
muril,thar_religion,kaggle_hinglish_hate,false_positive,2,terrorism,62
muril,thar_religion,kaggle_hinglish_hate,false_positive,3,bhi,31
muril,thar_religion,kaggle_hinglish_hate,false_positive,4,nahi,29
muril,thar_religion,kaggle_hinglish_hate,false_positive,5,pakistan,25
muril,thar_religion,kaggle_hinglish_hate,false_positive,6,modi,23
muril,thar_religion,kaggle_hinglish_hate,false_positive,7,hate,22
muril,thar_religion,kaggle_hinglish_hate,false_positive,8,raha,19
muril,thar_religion,kaggle_hinglish_hate,false_positive,9,log,17
muril,thar_religion,kaggle_hinglish_hate,false_positive,10,aap,16
muril,thar_religion,kaggle_hinglish_hate,false_positive,11,koi,16
muril,thar_religion,kaggle_hinglish_hate,false_positive,12,kiya,15
muril,thar_religion,kaggle_hinglish_hate,false_positive,13,tum,13
muril,thar_religion,kaggle_hinglish_hate,false_positive,14,kashmir,13
muril,thar_religion,kaggle_hinglish_hate,false_positive,15,hindu,12
muril,thar_religion,kaggle_hinglish_hate,false_positive,16,rahe,12
muril,thar_religion,kaggle_hinglish_hate,false_positive,17,liye,11
muril,thar_religion,kaggle_hinglish_hate,false_positive,18,main,11
muril,thar_religion,kaggle_hinglish_hate,false_positive,19,sirf,10
muril,thar_religion,kaggle_hinglish_hate,false_positive,20,hota,10
muril,thar_religion,thar_religion,false_negative,1,nahi,50
muril,thar_religion,thar_religion,false_negative,2,aap,48
muril,thar_religion,thar_religion,false_negative,3,bhi,41
muril,thar_religion,thar_religion,false_negative,4,nhi,40
muril,thar_religion,thar_religion,false_negative,5,log,33
muril,thar_religion,thar_religion,false_negative,6,liye,25
muril,thar_religion,thar_religion,false_negative,7,नहीं,24
muril,thar_religion,thar_religion,false_negative,8,धर्म,23
muril,thar_religion,thar_religion,false_negative,9,hindu,23
muril,thar_religion,thar_religion,false_negative,10,allah,22
muril,thar_religion,thar_religion,false_negative,11,koi,22
muril,thar_religion,thar_religion,false_negative,12,baat,19
muril,thar_religion,thar_religion,false_negative,13,prabhu,19
muril,thar_religion,thar_religion,false_negative,14,apne,18
muril,thar_religion,thar_religion,false_negative,15,kisi,18
muril,thar_religion,thar_religion,false_negative,16,में,17
muril,thar_religion,thar_religion,false_negative,17,per,17
muril,thar_religion,thar_religion,false_negative,18,sath,17
muril,thar_religion,thar_religion,false_negative,19,din,16
muril,thar_religion,thar_religion,false_negative,20,हैं,16
muril,thar_religion,thar_religion,false_positive,1,hindu,91
muril,thar_religion,thar_religion,false_positive,2,nahi,75
muril,thar_religion,thar_religion,false_positive,3,bhi,54
muril,thar_religion,thar_religion,false_positive,4,muslim,50
muril,thar_religion,thar_religion,false_positive,5,islam,41
muril,thar_religion,thar_religion,false_positive,6,aap,38
muril,thar_religion,thar_religion,false_positive,7,koi,35
muril,thar_religion,thar_religion,false_positive,8,log,32
muril,thar_religion,thar_religion,false_positive,9,nhi,32
muril,thar_religion,thar_religion,false_positive,10,apne,31
muril,thar_religion,thar_religion,false_positive,11,में,29
muril,thar_religion,thar_religion,false_positive,12,sab,29
muril,thar_religion,thar_religion,false_positive,13,नहीं,24
muril,thar_religion,thar_religion,false_positive,14,par,23
muril,thar_religion,thar_religion,false_positive,15,हैं,22
muril,thar_religion,thar_religion,false_positive,16,liye,22
muril,thar_religion,thar_religion,false_positive,17,allah,20
muril,thar_religion,thar_religion,false_positive,18,धर्म,18
muril,thar_religion,thar_religion,false_positive,19,sirf,18
muril,thar_religion,thar_religion,false_positive,20,भारत,17
